Epoch,AverageReward,Loss
0,67.25,253.96426391601562
10,65.9375,411.3854675292969
20,67.96875,233.3937225341797
30,61.6875,394.94256591796875
40,64.46875,446.3011169433594
50,63.03125,260.0359191894531
60,62.25,373.37579345703125
70,62.5625,320.5452880859375
80,67.96875,204.63662719726562
90,66.46875,226.5824432373047
100,64.8125,361.54638671875
110,61.34375,438.1168212890625
120,57.46875,430.89654541015625
130,60.34375,323.7163391113281
140,58.84375,567.5875244140625
150,69.1875,207.91600036621094
160,66.84375,372.63079833984375
170,69.28125,148.29759216308594
180,62.0625,313.2910461425781
190,71.21875,185.84832763671875
200,63.65625,321.1061096191406
210,63.09375,344.53497314453125
220,66.9375,362.5068359375
230,66.53125,328.9220886230469
240,63.875,402.8170166015625
250,67.96875,317.4618225097656
260,68.03125,250.22254943847656
270,66.125,236.96292114257812
280,64.15625,260.9590148925781
290,66.625,395.71087646484375
300,64.59375,308.50946044921875
310,62.59375,382.6287536621094
320,62.375,401.99456787109375
330,66.78125,238.79678344726562
340,66.375,454.9169921875
350,63.96875,405.7161560058594
360,68.90625,346.43133544921875
370,66.25,347.1031494140625
380,68.5625,294.9136657714844
390,70.375,456.0755310058594
400,74.625,167.76568603515625
410,69.28125,482.1433410644531
420,71.0,235.84719848632812
430,71.78125,226.02818298339844
440,67.5,427.2729797363281
450,70.875,346.8990783691406
460,82.625,258.54730224609375
470,71.5,300.7306823730469
480,79.3125,258.1213684082031
490,79.96875,163.2552490234375
500,65.875,333.4599304199219
510,70.3125,368.21624755859375
520,72.78125,411.33233642578125
530,75.21875,412.99578857421875
540,80.90625,258.8460998535156
550,78.125,315.28582763671875
560,66.5625,494.80560302734375
570,76.96875,290.3070068359375
580,74.78125,351.59942626953125
590,68.4375,442.350830078125
600,73.0,266.9292907714844
610,81.375,398.7996520996094
620,77.4375,345.4591064453125
630,76.0625,372.63177490234375
640,85.96875,339.98919677734375
650,79.71875,317.7664489746094
660,76.59375,285.82403564453125
670,89.1875,156.61907958984375
680,94.46875,201.84254455566406
690,74.09375,447.6192321777344
700,79.84375,279.9639587402344
710,89.625,177.56753540039062
720,72.78125,282.41168212890625
730,91.40625,345.8741760253906
740,90.3125,322.1733703613281
750,84.34375,343.1784973144531
760,82.78125,316.8436279296875
770,82.90625,586.064453125
780,82.6875,438.7117614746094
790,87.0625,404.87451171875
800,79.28125,420.9772033691406
810,90.84375,485.39556884765625
820,74.09375,498.18524169921875
830,88.5625,191.48477172851562
840,98.1875,203.82554626464844
850,96.0625,253.74331665039062
860,83.03125,486.29840087890625
870,78.375,457.38397216796875
880,83.28125,345.0502624511719
890,92.0,377.11871337890625
900,79.78125,502.3817138671875
910,91.125,297.15423583984375
920,84.75,467.5474853515625
930,78.53125,493.72662353515625
940,95.0,235.5099334716797
950,70.4375,553.939453125
960,78.15625,487.6877746582031
970,82.5,398.703125
980,81.71875,443.80535888671875
990,92.78125,273.50238037109375
